{
  "CustomVehicles": [
    {
      "DashboardColorIndex": 1,
      "DriftTyres": false,
      "EnvEffScale": 0.000000,
      "Flags": {
        "BulletproofTyres": false,
        "CustomPrimaryColor": false,
        "CustomSecondaryColor": false,
        "ExtraFlag1": true,
        "ExtraFlag10": false,
        "ExtraFlag11": false,
        "ExtraFlag12": false,
        "ExtraFlag2": false,
        "ExtraFlag3": false,
        "ExtraFlag4": false,
        "ExtraFlag5": false,
        "ExtraFlag6": false,
        "ExtraFlag7": false,
        "ExtraFlag8": false,
        "ExtraFlag9": false,
        "NeonBack": true,
        "NeonFront": true,
        "NeonLeft": true,
        "NeonRight": true
      },
      "InteriorColorIndex": 0,
      "Livery": -1,
      "ModelHash": 1011753235,
      "Name": "Unknown [Coquette Classic]",
      "NeonColor": {
        "b": 1,
        "g": 1,
        "r": 255
      },
      "NumberPlateIndex": 1,
      "NumberPlateText": "60NPG305",
      "PearlesentColorIndex": 6,
      "PrimaryColor": {
        "b": 8,
        "g": 8,
        "r": 8
      },
      "PrimaryColorIndex": 3,
      "RoofLivery": -1,
      "SecondaryColor": {
        "b": 8,
        "g": 8,
        "r": 8
      },
      "SecondaryColorIndex": 0,
      "TyreSmokeColor": {
        "b": 255,
        "g": 255,
        "r": 255
      },
      "VehicleMods": [
        -1,
        -1,
        -1,
        -1,
        -1,
        1,
        -1,
        -1,
        -1,
        -1,
        -1,
        -1,
        -1,
        -1,
        -1,
        -1,
        -1,
        -1,
        -1,
        -1,
        1,
        -1,
        -1,
        135,
        -1,
        -1,
        -1,
        -1,
        -1,
        -1,
        -1,
        -1,
        -1,
        -1,
        -1,
        -1,
        -1,
        -1,
        -1,
        -1,
        -1,
        -1,
        -1,
        -1,
        -1,
        -1,
        -1,
        -1,
        2
      ],
      "WheelColorIndex": 0,
      "WheelType": 11,
      "WheelVariations": [
        -1,
        -1
      ],
      "WindowTint": 0
    }
  ]
}